"Species","lon","lat"
"Anthyllis cytisoides",-1.11,39.2924
"Anthyllis cytisoides",-0.5391,39.0385
"Anthyllis cytisoides",2.4763,39.5408
"Anthyllis cytisoides",-8.8031,43.1808
"Anthyllis cytisoides",2.591,41.7574
"Anthyllis cytisoides",-2.1112,40.7819
"Anthyllis cytisoides",-1.2947,39.3223
"Anthyllis cytisoides",-2.038,38.4026
"Anthyllis cytisoides",-0.7843,38.5839
"Anthyllis cytisoides",-0.3596,38.5841
"Anthyllis cytisoides",-0.3268,38.5383
"Anthyllis cytisoides",-0.2931,38.5195
"Anthyllis cytisoides",-0.8661,38.5358
"Anthyllis cytisoides",-0.1772,38.5528
"Anthyllis cytisoides",-0.7664,38.4213
"Anthyllis cytisoides",-0.7814,38.3045
"Anthyllis cytisoides",-1.0392,38.4983
"Anthyllis cytisoides",-1.0443,38.3092
"Anthyllis cytisoides",-1.3808,38.089
"Anthyllis cytisoides",-1.1073,38.0849
"Anthyllis cytisoides",-1.1803,37.8968
"Anthyllis cytisoides",-1.1805,37.8878
"Anthyllis cytisoides",-1.5796,37.8302
"Anthyllis cytisoides",-1.9911,37.6542
"Anthyllis cytisoides",-1.5038,37.6491
"Anthyllis cytisoides",-2.0916,37.7812
"Anthyllis cytisoides",-2.1503,37.6104
"Anthyllis cytisoides",-2.5943,37.2072
"Anthyllis cytisoides",-2.5147,37.3241
"Anthyllis cytisoides",-2.4695,37.3239
"Anthyllis cytisoides",0.5718,41.075
"Anthyllis cytisoides",0.61,41.07
"Anthyllis cytisoides",-2.77,36.95
"Anthyllis cytisoides",-5.79,36.56
"Anthyllis cytisoides",-0.91,39.28
"Anthyllis cytisoides",-0.82,38.28
"Anthyllis cytisoides",-0.94,38.01
"Anthyllis cytisoides",-0.94,38.19
"Anthyllis cytisoides",-1.17,37.93
"Anthyllis cytisoides",-3.67,36.95
"Anthyllis cytisoides",-3.22,36.77
"Anthyllis cytisoides",0.01,38.63
"Anthyllis cytisoides",0.12,38.72
"Anthyllis cytisoides",-0.93,38.56
"Anthyllis cytisoides",0.38,40.89
"Anthyllis cytisoides",-1.87,37.13
"Anthyllis cytisoides",-1.14,39.19
"Anthyllis cytisoides",-1.39,38.29
"Anthyllis cytisoides",-1.18,37.66
"Anthyllis cytisoides",-6.02827,36.3113
"Anthyllis cytisoides",-5.27627,37.84083
"Anthyllis cytisoides",-3.6226,37.04547
"Anthyllis cytisoides",-2.58423,37.09233
"Anthyllis cytisoides",-3.64209,37.64617
"Anthyllis cytisoides",-3.33039,37.7627
"Anthyllis cytisoides",-2.53663,36.9036
"Anthyllis cytisoides",-2.02162,37.24286
"Anthyllis cytisoides",-2.44224,37.07586
"Anthyllis cytisoides",-2.99248,36.88984
"Anthyllis cytisoides",-2.08749,37.34939
"Anthyllis cytisoides",-3.51359,36.76445
"Anthyllis cytisoides",-2.25116,37.31564
"Anthyllis cytisoides",-3.37619,38.31255
"Anthyllis cytisoides",-2.17301,37.00121
"Anthyllis cytisoides",-1.74081,37.30604
"Anthyllis cytisoides",-2.02563,37.17218
"Anthyllis cytisoides",-1.85613,37.08767
"Anthyllis cytisoides",-1.99921,37.2046
"Anthyllis cytisoides",-2.17095,37.31567
"Anthyllis cytisoides",-2.45056,37.09774
"Anthyllis cytisoides",-2.43933,37.10716
"Anthyllis cytisoides",-2.16796,37.52444
"Anthyllis cytisoides",-2.04735,37.27066
"Anthyllis cytisoides",-2.69253,36.85345
"Anthyllis cytisoides",-2.65218,36.98717
"Anthyllis cytisoides",-2.1013,37.50066
"Anthyllis cytisoides",-2.42022,37.41699
"Anthyllis cytisoides",-2.38406,37.1801
"Anthyllis cytisoides",-2.22609,37.15796
"Anthyllis cytisoides",-2.16,36.73
"Anthyllis cytisoides",-0.355,39.788
"Anthyllis cytisoides",-0.38,39.68
"Anthyllis cytisoides",-0.12,40.21
"Anthyllis cytisoides",-1.19,39.78
"Anthyllis cytisoides",-0.28,39.04
"Anthyllis cytisoides",-0.51,38.47
"Anthyllis cytisoides",-2.4,36.99
"Anthyllis cytisoides",-4.41,37.44
"Anthyllis cytisoides",-1.09068,39.14791
"Anthyllis cytisoides",-0.63117,39.04938
"Anthyllis cytisoides",-0.97245,39.23601
"Anthyllis cytisoides",-0.6519,38.41911
"Anthyllis cytisoides",-0.53439,38.5068
"Anthyllis cytisoides",-0.53132,38.59683
"Anthyllis cytisoides",-0.4166,38.59435
"Anthyllis cytisoides",-0.07254,38.58625
"Anthyllis cytisoides",-0.61595,39.49953
"Anthyllis cytisoides",-0.37338,39.76455
"Anthyllis cytisoides",-0.24959,39.94183
"Anthyllis cytisoides",0.12133,40.20894
"Anthyllis cytisoides",-0.96198,39.5962
"Anthyllis cytisoides",-1.00519,38.06522
"Anthyllis cytisoides",-1.00028,38.24536
"Anthyllis cytisoides",-0.53746,38.41676
"Anthyllis cytisoides",-0.30526,38.50174
"Anthyllis cytisoides",-0.89385,37.97316
"Anthyllis cytisoides",-0.49653,39.5871
"Anthyllis cytisoides",-0.78008,37.97107
"Anthyllis cytisoides",-0.89127,38.06323
"Anthyllis cytisoides",0.18015,38.76907
"Anthyllis cytisoides",-0.78279,37.88101
"Anthyllis cytisoides",-1.20175,39.32988
"Anthyllis cytisoides",-0.72923,39.59188
"Anthyllis cytisoides",-0.72628,39.68192
"Anthyllis cytisoides",-0.49328,39.67712
"Anthyllis cytisoides",-0.12513,40.11897
"Anthyllis cytisoides",-0.24234,40.12181
"Anthyllis cytisoides",-1.1,38.1
"Anthyllis cytisoides",-3.1,37.1
"Anthyllis cytisoides",-5.91978,36.21641
"Anthyllis cytisoides",-0.33,39.82
"Anthyllis cytisoides",-2.68289,37.0863
"Anthyllis cytisoides",-0.539,39.539
"Anthyllis cytisoides",-0.25677,39.76185
"Anthyllis cytisoides",-0.60666,39.76959
"Anthyllis cytisoides",-0.41982,38.50433
"Anthyllis cytisoides",-0.61287,39.58955
"Anthyllis cytisoides",0.03328,40.1162
"Anthyllis cytisoides",-0.61902,39.4095
"Anthyllis cytisoides",-1.20634,39.14975
"Anthyllis cytisoides",-0.49976,39.49709
"Anthyllis cytisoides",-1.07337,39.77828
"Anthyllis cytisoides",-0.40027,39.04446
"Anthyllis cytisoides",-0.75234,38.87159
"Anthyllis cytisoides",-0.76079,38.60145
"Anthyllis cytisoides",-0.24597,40.03183
"Anthyllis cytisoides",-0.64898,38.50915
"Anthyllis cytisoides",-0.76358,38.5114
"Anthyllis cytisoides",-0.26033,39.67185
"Anthyllis cytisoides",-0.60353,39.85962
"Anthyllis cytisoides",-0.62512,39.22944
"Anthyllis cytisoides",-1.07086,39.86833
"Anthyllis cytisoides",-0.50298,39.40707
"Anthyllis cytisoides",-0.48014,40.03716
"Anthyllis cytisoides",-0.50937,39.22702
"Anthyllis cytisoides",-0.8428,39.68414
"Anthyllis cytisoides",-0.83999,39.77417
"Anthyllis cytisoides",-0.72332,39.77194
"Anthyllis cytisoides",-0.36995,39.85455
"Anthyllis cytisoides",-0.42303,38.4143
"Anthyllis cytisoides",0.02939,40.29618
"Anthyllis cytisoides",-0.74088,39.23175
"Anthyllis cytisoides",0.34195,40.57452
"Anthyllis cytisoides",-0.88346,38.33342
"Anthyllis cytisoides",-1.11215,38.33732
"Anthyllis cytisoides",-0.12892,40.02898
"Anthyllis cytisoides",-3.7062,36.8001
"Anthyllis cytisoides",-1.946,38.4289
"Anthyllis cytisoides",-4.7963,36.9239
"Anthyllis cytisoides",-0.9235,38.5324
"Anthyllis cytisoides",-0.2796,38.5732
"Anthyllis cytisoides",-0.4876,38.5328
"Anthyllis cytisoides",-0.2928,38.5285
"Anthyllis cytisoides",-0.3049,38.5107
"Anthyllis cytisoides",-0.9363,38.4875
"Anthyllis cytisoides",-0.1428,38.5519
"Anthyllis cytisoides",-0.8239,38.4134
"Anthyllis cytisoides",-1.3981,38.3416
"Anthyllis cytisoides",-1.2395,38.2762
"Anthyllis cytisoides",-1.2171,38.2579
"Anthyllis cytisoides",-1.6197,38.1191
"Anthyllis cytisoides",-1.3796,38.1431
"Anthyllis cytisoides",-1.4488,38.108
"Anthyllis cytisoides",-1.2601,37.889
"Anthyllis cytisoides",-1.4144,37.5848
"Anthyllis cytisoides",-2.0565,37.8621
"Anthyllis cytisoides",-2.5259,37.3421
"Anthyllis cytisoides",-2.4238,37.4048
"Anthyllis cytisoides",-2.2995,37.4041
"Anthyllis cytisoides",-2.5491,37.225
"Anthyllis cytisoides",-2.3931,36.999
"Anthyllis cytisoides",-0.1331,40.2092
"Anthyllis cytisoides",2.4648,39.5318
"Anthyllis cytisoides",2.9884,39.3438
"Anthyllis cytisoides",0.9837,41.227
"Anthyllis cytisoides",0.9422,41.0281
"Anthyllis cytisoides",-4.7272,40.2048
"Anthyllis cytisoides",-0.7609,39.6916
"Anthyllis cytisoides",-0.3197,39.9435
"Anthyllis cytisoides",-1.1788,39.3205
"Anthyllis cytisoides",-3.67,37.58
"Anthyllis cytisoides",-2.66,36.86
"Anthyllis cytisoides",-1.14,39.1
"Anthyllis cytisoides",-0.13,38.54
"Anthyllis cytisoides",-1.75,37.67
"Anthyllis cytisoides",-4.02,37.76
"Anthyllis cytisoides",2.41,39.56
"Anthyllis cytisoides",-1.52,37.84
"Anthyllis cytisoides",-0.36,38.54
"Anthyllis cytisoides",0.86,40.99
"Anthyllis cytisoides",-1.37,39.28
"Anthyllis cytisoides",-4.12,36.86
"Anthyllis cytisoides",-0.04,40.07
"Anthyllis cytisoides",1.2,41.26
"Anthyllis cytisoides",-1.85,38.39
"Anthyllis cytisoides",-1.454,37.6
"Anthyllis cytisoides",-0.18721,38.58906
"Anthyllis cytisoides",0.12514,40.11897
"Anthyllis cytisoides",-0.3019,38.59176
"Anthyllis cytisoides",-1.87446,37.03882
"Anthyllis cytisoides",-2.09722,36.79205
"Anthyllis cytisoides",-2.14991,37.36489
"Anthyllis cytisoides",-2.30418,37.50189
"Anthyllis cytisoides",-2.41312,37.06114
"Anthyllis cytisoides",-2.2823,36.85297
"Anthyllis cytisoides",-1.97326,37.43061
"Anthyllis cytisoides",-2.99852,38.06552
"Anthyllis cytisoides",-3.12141,36.81094
"Anthyllis cytisoides",-3.07217,36.77551
"Anthyllis cytisoides",-2.6174,36.83924
"Anthyllis cytisoides",-1.80428,37.3037
"Anthyllis cytisoides",-1.9972,37.19213
"Anthyllis cytisoides",-1.72232,37.31161
"Anthyllis cytisoides",-2.413,37.17327
"Anthyllis cytisoides",-5.31717,37.00326
"Anthyllis cytisoides",-2.12145,37.27212
"Anthyllis cytisoides",-5.06906,36.48239
"Anthyllis cytisoides",-2.43992,37.09537
"Anthyllis cytisoides",-2.60927,37.05612
"Anthyllis cytisoides",-2.63437,36.8451
"Anthyllis cytisoides",-2.02687,37.3429
"Anthyllis cytisoides",-2.15283,37.29591
"Anthyllis cytisoides",-2.15592,37.2745
"Anthyllis cytisoides",-1.94462,37.50066
"Anthyllis cytisoides",-2.31062,37.39201
"Anthyllis cytisoides",-2.27251,37.32593
"Anthyllis cytisoides",-2.2301,36.94063
"Anthyllis cytisoides",-2.19968,37.81414
"Anthyllis cytisoides",-2.89098,37.54998
"Anthyllis cytisoides",0.1,41.1
"Anthyllis cytisoides",-0.18,38.86
"Anthyllis cytisoides",-2.83,37.63
"Anthyllis cytisoides",-3.39,36.91
"Anthyllis cytisoides",-0.51,39.54
"Anthyllis cytisoides",-6.09415,38.04617
"Anthyllis cytisoides",-3.67,36.86
"Anthyllis cytisoides",-0.71,38.47
"Anthyllis cytisoides",-5.69596,36.44564
"Anthyllis cytisoides",2.77715,42.793
"Anthyllis cytisoides",-0.0929,38.6498
"Anthyllis cytisoides",-0.1621,38.6425
"Anthyllis cytisoides",-0.4748,38.7353
"Anthyllis cytisoides",-0.6951,38.5011
"Anthyllis cytisoides",-0.592,38.499
"Anthyllis cytisoides",-0.7463,38.3309
"Anthyllis cytisoides",-0.6094,38.3191
"Anthyllis cytisoides",-1.7869,38.3553
"Anthyllis cytisoides",-1.7765,38.2921
"Anthyllis cytisoides",-1.1478,38.2838
"Anthyllis cytisoides",-1.6202,38.0921
"Anthyllis cytisoides",-1.2498,37.8438
"Anthyllis cytisoides",-1.111,37.9408
"Anthyllis cytisoides",-1.9318,37.834
"Anthyllis cytisoides",-1.9115,37.6716
"Anthyllis cytisoides",-1.5347,37.8027
"Anthyllis cytisoides",-2.3678,37.3414
"Anthyllis cytisoides",-2.9663,36.9825
"Anthyllis cytisoides",-3.0112,36.8834
"Anthyllis cytisoides",0.5725,41.057
"Anthyllis cytisoides",-1.1789,39.762
"Anthyllis cytisoides",-0.7388,39.6551
"Anthyllis cytisoides",-1.0646,39.2556
"Anthyllis cytisoides",-0.1943,40.1477
"Anthyllis cytisoides",2.3831,39.5584
"Anthyllis cytisoides",2.0379,41.7451
"Anthyllis cytisoides",-1.2858,39.214
"Anthyllis cytisoides",-1.8329,38.3377
"Anthyllis cytisoides",-1.4868,38.4779
"Anthyllis cytisoides",-4.405,36.727
"Anthyllis cytisoides",-0.39778,38.42889
"Anthyllis cytisoides",-3.9,34.5
"Anthyllis cytisoides",0.34551,40.48453
"Anthyllis cytisoides",-0.63716,38.86931
"Anthyllis cytisoides",-1.18772,39.87022
"Anthyllis cytisoides",-0.52512,38.77689
"Anthyllis cytisoides",-0.27792,39.22184
"Anthyllis cytisoides",-0.95668,39.77629
"Anthyllis cytisoides",0.23504,40.30179
"Anthyllis cytisoides",-1.20405,39.23981
"Anthyllis cytisoides",-0.60039,39.94963
"Anthyllis cytisoides",-0.48344,39.94715
"Anthyllis cytisoides",-2.683,37.06822
"Anthyllis cytisoides",-0.73508,39.41182
"Anthyllis cytisoides",-2.3758,37.0575
"Anthyllis cytisoides",-5.01,36.66
"Anthyllis cytisoides",-3.78,36.77
"Anthyllis cytisoides",-1.28,38.11
"Anthyllis cytisoides",-3,36.77
"Anthyllis cytisoides",-0.83,38.19
"Anthyllis cytisoides",-1.64,37.48
"Anthyllis cytisoides",-0.55,39.45
"Anthyllis cytisoides",-0.34,39.08
"Anthyllis cytisoides",-2.09,37.22
"Anthyllis cytisoides",-0.54,39.99
"Anthyllis cytisoides",-0.06887,38.67624
"Anthyllis cytisoides",0.10596,40.56884
"Anthyllis cytisoides",0.46337,40.48717
"Anthyllis cytisoides",-1.78,37.36
"Anthyllis cytisoides",-4.28014,36.8509
"Anthyllis cytisoides",-4.52835,37.01639
"Anthyllis cytisoides",-2.0585,37.49928
"Anthyllis cytisoides",-2.22714,36.9518
"Anthyllis cytisoides",-2.14544,36.88059
"Anthyllis cytisoides",-2.11757,37.21741
"Anthyllis cytisoides",-3.05628,36.94305
"Anthyllis cytisoides",-3.04779,36.90441
"Anthyllis cytisoides",-2.4539,36.97871
"Anthyllis cytisoides",-2.94107,36.91755
"Anthyllis cytisoides",-3.10881,36.93068
"Anthyllis cytisoides",-2.00356,37.18076
"Anthyllis cytisoides",-2.40203,37.12464
"Anthyllis cytisoides",-4.84981,36.52973
"Anthyllis cytisoides",-2.51884,36.93073
"Anthyllis cytisoides",-2.60335,36.94821
"Anthyllis cytisoides",-2.04393,37.25834
"Anthyllis cytisoides",-2.20128,37.1969
"Anthyllis cytisoides",-2.57391,37.32219
"Anthyllis cytisoides",-3.36099,38.11373
"Anthyllis cytisoides",-4.53,37.53
"Anthyllis cytisoides",-4.75,37.35
"Anthyllis cytisoides",-4.36125,36.745
"Anthyllis cytisoides",-1.623,38.242
"Anthyllis cytisoides",-4.68,36.58
"Anthyllis cytisoides",-0.75,38.32
"Anthyllis cytisoides",2.33975,41.50293
"Anthyllis cytisoides",-6.423,38.41426
"Anthyllis cytisoides",2.5909,41.7844
"Anthyllis cytisoides",-2.6821,37.7753
"Anthyllis cytisoides",-1.8373,40.8605
"Anthyllis cytisoides",-1.7858,38.4183
"Anthyllis cytisoides",-1.5468,38.3435
"Anthyllis cytisoides",-1.8077,38.4816
"Anthyllis cytisoides",-0.1881,42.5161
"Anthyllis cytisoides",-3.6985,40.7111
"Anthyllis cytisoides",-4.8731,36.8506
"Anthyllis cytisoides",-0.2807,38.5462
"Anthyllis cytisoides",0.0467,38.6577
"Anthyllis cytisoides",-0.2908,38.5825
"Anthyllis cytisoides",-0.7412,38.4929
"Anthyllis cytisoides",-1.7184,38.3455
"Anthyllis cytisoides",-1.7185,38.3365
"Anthyllis cytisoides",-1.6291,38.2274
"Anthyllis cytisoides",-1.5721,38.2177
"Anthyllis cytisoides",-1.6989,38.1561
"Anthyllis cytisoides",-1.4365,38.1529
"Anthyllis cytisoides",-1.6452,37.9752
"Anthyllis cytisoides",-0.9287,37.9468
"Anthyllis cytisoides",-1.123,37.914
"Anthyllis cytisoides",-1.1349,37.8961
"Anthyllis cytisoides",-2.0676,37.8802
"Anthyllis cytisoides",-2.595,37.072
"Anthyllis cytisoides",-1.9873,37.0954
"Anthyllis cytisoides",-2.7083,36.856
"Anthyllis cytisoides",-0.0208,40.0893
"Anthyllis cytisoides",-0.665,40.1131
"Anthyllis cytisoides",-0.7054,39.6094
"Anthyllis cytisoides",-1.1667,39.3383
"Anthyllis cytisoides",-1.0069,39.2456
"Anthyllis cytisoides",-0.531,38.9392
"Anthyllis cytisoides",-0.5153,39.7136
"Anthyllis cytisoides",-1.1549,39.3472
"Anthyllis cytisoides",-0.5981,39.0037
"Anthyllis cytisoides",-0.1342,40.1822
"Anthyllis cytisoides",-2.09985,36.78063
"Anthyllis cytisoides",-5.79,36.47
"Anthyllis cytisoides",-0.71,38.28
"Anthyllis cytisoides",-4,36.77
"Anthyllis cytisoides",-3.79,37.94
"Anthyllis cytisoides",-2.08,38.3
"Anthyllis cytisoides",-0.7,38.46
"Anthyllis cytisoides",-0.89,39.73
"Anthyllis cytisoides",-2.21,37.31
"Anthyllis cytisoides",0.4,40.44
"Anthyllis cytisoides",-0.36651,39.94455
"Anthyllis cytisoides",-0.59724,40.03965
"Anthyllis cytisoides",-1.43369,39.33323
"Anthyllis cytisoides",-0.87555,38.60359
"Anthyllis cytisoides",-1.09311,39.05785
"Anthyllis cytisoides",-0.01889,38.63444
"Anthyllis cytisoides",-0.59,38.28
"Anthyllis cytisoides",-3.22,36.86
"Anthyllis cytisoides",-0.12,38.63
"Anthyllis cytisoides",-1.05,38.2
"Anthyllis cytisoides",-4.9,36.67
"Anthyllis cytisoides",-1.28,38.29
"Anthyllis cytisoides",-1.47,39.92
"Anthyllis cytisoides",0.39,40.71
"Anthyllis cytisoides",-4.79,36.85
"Anthyllis cytisoides",-2.45,36.83
"Anthyllis cytisoides",0.83333,40.91667
"Anthyllis cytisoides",0.48333,40.93333
"Anthyllis cytisoides",-3.712,36.841
"Anthyllis cytisoides",-3.846,36.814
"Anthyllis cytisoides",0.1,40.1
"Anthyllis cytisoides",-4.1,37.1
"Anthyllis cytisoides",-4.64114,36.64187
"Anthyllis cytisoides",-2.2893,36.92271
"Anthyllis cytisoides",-3.62735,37.05394
"Anthyllis cytisoides",-4.39092,36.81822
"Anthyllis cytisoides",-1.94979,37.45962
"Anthyllis cytisoides",-2.55589,36.99193
"Anthyllis cytisoides",-2.6073,37.02801
"Anthyllis cytisoides",-2.14457,37.45853
"Anthyllis cytisoides",-2.26723,37.49717
"Anthyllis cytisoides",-3.57716,36.97503
"Anthyllis cytisoides",-2.55567,37.73434
"Anthyllis cytisoides",-1.72309,37.29307
"Anthyllis cytisoides",-1.70829,37.40423
"Anthyllis cytisoides",-2.08378,37.02636
"Anthyllis cytisoides",-2.17045,37.38393
"Anthyllis cytisoides",-2.04042,37.21848
"Anthyllis cytisoides",-2.16388,37.29352
"Anthyllis cytisoides",-2.11435,37.29824
"Anthyllis cytisoides",-2.39039,37.40245
"Anthyllis cytisoides",-2.39425,37.42513
"Anthyllis cytisoides",-2.424,37.1299
"Anthyllis cytisoides",-3.54252,36.98983
"Anthyllis cytisoides",-3.14767,37.36483
"Anthyllis cytisoides",-2.89134,37.67671
"Anthyllis cytisoides",-4.89,36.51
"Anthyllis cytisoides",0.10983,40.47887
"Anthyllis cytisoides",0.35257,40.30454
"Anthyllis cytisoides",-0.92,39.619
"Anthyllis cytisoides",-0.4681,39.7094
"Anthyllis cytisoides",-0.40685,38.86442
"Anthyllis cytisoides",-0.75517,38.78154
"Anthyllis cytisoides",1.0434,41.2281
"Anthyllis cytisoides",1.0677,41.2105
"Anthyllis cytisoides",0.7004,41.1407
"Anthyllis cytisoides",-0.0631,40.7389
"Anthyllis cytisoides",-0.6079,39.7336
"Anthyllis cytisoides",-0.6014,38.9046
"Anthyllis cytisoides",-0.373,38.8456
"Anthyllis cytisoides",-0.1966,40.0937
"Anthyllis cytisoides",2.4526,39.5948
"Anthyllis cytisoides",1.5232,38.6586
"Anthyllis cytisoides",-1.2602,39.3127
"Anthyllis cytisoides",-1.627,38.3355
"Anthyllis cytisoides",0.1261,42.5416
"Anthyllis cytisoides",-0.9243,38.5053
"Anthyllis cytisoides",-0.8999,38.5545
"Anthyllis cytisoides",-0.4867,38.5598
"Anthyllis cytisoides",-1.3172,38.3765
"Anthyllis cytisoides",-1.1787,38.4195
"Anthyllis cytisoides",-1.1675,38.4103
"Anthyllis cytisoides",-1.7433,38.2286
"Anthyllis cytisoides",-1.0331,38.3
"Anthyllis cytisoides",-1.6764,38.1378
"Anthyllis cytisoides",-1.7108,38.1292
"Anthyllis cytisoides",-1.7464,38.0484
"Anthyllis cytisoides",-1.3792,38.1611
"Anthyllis cytisoides",-1.6226,37.9659
"Anthyllis cytisoides",-1.0998,37.9316
"Anthyllis cytisoides",2.6388,41.8206
"Anthyllis cytisoides",-2.864,37.6495
"Anthyllis cytisoides",-2.4017,37.3416
"Anthyllis cytisoides",-1.7584,37.3275
"Anthyllis cytisoides",-2.0182,39.8442
"Anthyllis cytisoides",-4.66719,36.60004
"Anthyllis cytisoides",-0.56,39.36
"Anthyllis cytisoides",-1.86,37.49
"Anthyllis cytisoides",-0.71,38.19
"Anthyllis cytisoides",-2.55,36.86
"Anthyllis cytisoides",-0.36,38.45
"Anthyllis cytisoides",-0.24,38.54
"Anthyllis cytisoides",0.39,40.8
"Anthyllis cytisoides",-0.71,38.37
"Anthyllis cytisoides",-2.66,37.58
"Anthyllis cytisoides",-3.11,37.67
"Anthyllis cytisoides",-1.74,38.3
"Anthyllis cytisoides",0.29,40.34
"Anthyllis cytisoides",2.88,39.47
"Anthyllis cytisoides",-1.86,37.85
"Anthyllis cytisoides",-1.85,38.66
"Anthyllis cytisoides",-1.06,38.02
"Anthyllis cytisoides",-0.59,38.46
"Anthyllis cytisoides",-2.32,37.04
"Anthyllis cytisoides",-0.475,39.682
"Anthyllis cytisoides",-0.7,39.73
"Anthyllis cytisoides",-3,37.05
"Anthyllis cytisoides",-0.74664,39.05167
"Anthyllis cytisoides",-5.179,36.742
"Anthyllis cytisoides",-2.41667,37.0333
"Anthyllis cytisoides",-1.959,37.894
"Anthyllis cytisoides",-4.31403,37.38396
"Anthyllis cytisoides",-3.49711,37.15303
"Anthyllis cytisoides",-2.24162,37.35492
"Anthyllis cytisoides",-3.36146,37.74397
"Anthyllis cytisoides",-5.23915,37.84139
"Anthyllis cytisoides",-2.63861,36.83512
"Anthyllis cytisoides",-2.23606,37.19781
"Anthyllis cytisoides",-3.0147,36.76258
"Anthyllis cytisoides",-3.27112,36.90881
"Anthyllis cytisoides",-2.74727,37.16017
"Anthyllis cytisoides",-3.24277,37.2579
"Anthyllis cytisoides",-2.96825,37.57774
"Anthyllis cytisoides",-2.86849,37.59087
"Anthyllis cytisoides",-2.07196,37.85064
"Anthyllis cytisoides",-1.70674,37.39569
"Anthyllis cytisoides",-2.06373,37.22446
"Anthyllis cytisoides",-2.62536,37.07437
"Anthyllis cytisoides",-2.02553,37.21712
"Anthyllis cytisoides",-2.64489,36.86519
"Anthyllis cytisoides",-1.94621,37.51971
"Anthyllis cytisoides",-2.36501,37.32268
"Anthyllis cytisoides",-2.87742,37.55862
"Anthyllis cytisoides",-0.58,38.45
"Anthyllis cytisoides",-2.014,38.4836
"Anthyllis cytisoides",-1.8767,38.4643
"Anthyllis cytisoides",0.2466,42.2924
"Anthyllis cytisoides",-3.0454,37.7036
"Anthyllis cytisoides",-4.8509,36.8599
"Anthyllis cytisoides",-0.9355,38.5146
"Anthyllis cytisoides",-0.5211,38.5606
"Anthyllis cytisoides",-1.7991,38.3103
"Anthyllis cytisoides",-1.7192,38.3005
"Anthyllis cytisoides",-1.7544,38.2468
"Anthyllis cytisoides",-1.5497,38.1994
"Anthyllis cytisoides",-1.2401,38.2492
"Anthyllis cytisoides",-1.4465,38.2161
"Anthyllis cytisoides",-1.1832,38.2393
"Anthyllis cytisoides",-1.1298,38.0943
"Anthyllis cytisoides",-1.2839,37.8443
"Anthyllis cytisoides",-0.845,38.8553
"Anthyllis cytisoides",-0.2237,40.0043
"Anthyllis cytisoides",2.4296,39.5586
"Anthyllis cytisoides",1.9026,41.924
"Anthyllis cytisoides",2.063,41.6732
"Anthyllis cytisoides",0.9621,41.1546
"Anthyllis cytisoides",0.9281,41.0999
"Anthyllis cytisoides",-2.0907,37.8533
"Anthyllis cytisoides",-2.0708,37.6278
"Anthyllis cytisoides",2.5907,41.8024
"Anthyllis cytisoides",-2.8072,37.6854
"Anthyllis cytisoides",-0.93,38.65
"Anthyllis cytisoides",-3.68,37.67
"Anthyllis cytisoides",-1.63,37.66
"Anthyllis cytisoides",-3.56,36.77
"Anthyllis cytisoides",-0.83,37.92
"Anthyllis cytisoides",-0.95,37.92
"Anthyllis cytisoides",-2.09,37.13
"Anthyllis cytisoides",-2.21,37.13
"Anthyllis cytisoides",-4.841,36.685
"Anthyllis cytisoides",-2.30417,36.89139
"Anthyllis cytisoides",-2.17482,37.02927
"Anthyllis cytisoides",-2.0036,37.26391
"Anthyllis cytisoides",-1.97316,36.9819
"Anthyllis cytisoides",-6.04596,36.42507
"Anthyllis cytisoides",-2.56721,36.98145
"Anthyllis cytisoides",-4.38706,36.83007
"Anthyllis cytisoides",-2.51338,36.96371
"Anthyllis cytisoides",-2.17268,37.34087
"Anthyllis cytisoides",-2.25703,37.40493
"Anthyllis cytisoides",-2.12763,37.57443
"Anthyllis cytisoides",-3.08587,36.91343
"Anthyllis cytisoides",-2.41498,37.00116
"Anthyllis cytisoides",-3.95215,37.14348
"Anthyllis cytisoides",-2.82668,37.61987
"Anthyllis cytisoides",-2.07527,37.12168
"Anthyllis cytisoides",-2.11814,37.11704
"Anthyllis cytisoides",-2.41492,37.16383
"Anthyllis cytisoides",-2.52992,37.08516
"Anthyllis cytisoides",-2.59483,36.94943
"Anthyllis cytisoides",-1.83336,37.37808
"Anthyllis cytisoides",-2.99783,36.88012
"Anthyllis cytisoides",-2.41883,37.15017
"Anthyllis cytisoides",-2.002,37.09356
"Anthyllis cytisoides",-2.89949,37.58607
"Anthyllis cytisoides",-1.046,37.594
"Anthyllis cytisoides",-0.1,40.1
"Anthyllis cytisoides",2.91,39.53
"Anthyllis cytisoides",-0.46,38.47
"Anthyllis cytisoides",-1.1,52.98
"Anthyllis cytisoides",-3.82,34.65
"Anthyllis cytisoides",-2.7842,37.8116
"Anthyllis cytisoides",-4.2614,37.1651
"Anthyllis cytisoides",-3.493,36.7742
"Anthyllis cytisoides",-1.8758,38.5274
"Anthyllis cytisoides",-2.3448,37.3953
"Anthyllis cytisoides",-2.2666,37.3048
"Anthyllis cytisoides",-2.6741,36.9911
"Anthyllis cytisoides",0.9743,41.1458
"Anthyllis cytisoides",-0.7415,40.2858
"Anthyllis cytisoides",-0.2857,39.9157
"Anthyllis cytisoides",-0.7003,39.7625
"Anthyllis cytisoides",-1.0764,39.2468
"Anthyllis cytisoides",-0.2287,39.8783
"Anthyllis cytisoides",2.4064,39.5495
"Anthyllis cytisoides",2.4006,41.5404
"Anthyllis cytisoides",-0.9577,38.542
"Anthyllis cytisoides",-0.3373,38.5655
"Anthyllis cytisoides",-0.4755,38.5506
"Anthyllis cytisoides",-0.4644,38.5413
"Anthyllis cytisoides",-0.8981,38.4193
"Anthyllis cytisoides",-1.0431,38.3542
"Anthyllis cytisoides",-1.0728,38.5259
"Anthyllis cytisoides",-2.1,36.86
"Anthyllis cytisoides",-1.39,38.56
"Anthyllis cytisoides",-0.42,39.81
"Anthyllis cytisoides",-3.22,37.49
"Anthyllis cytisoides",-3.22,37.67
"Anthyllis cytisoides",-0.35,38.63
"Anthyllis cytisoides",-1.63,37.84
"Anthyllis cytisoides",-3.56,36.86
"Anthyllis cytisoides",-3.33,37.22
"Anthyllis cytisoides",0,38.72
"Anthyllis cytisoides",-1.17,38.2
"Anthyllis cytisoides",-1.68,37.34
"Anthyllis cytisoides",-0.34,39.82
"Anthyllis cytisoides",-3.01667,36.8667
"Anthyllis cytisoides",-3.80793,36.76276
"Anthyllis cytisoides",-4.916,36.54
"Anthyllis cytisoides",-5.178,36.733
"Anthyllis cytisoides",-4.0888,37.48843
"Anthyllis cytisoides",-5.41248,36.94097
"Anthyllis cytisoides",-3.44579,36.92748
"Anthyllis cytisoides",-2.28008,36.92369
"Anthyllis cytisoides",-2.52524,37.11984
"Anthyllis cytisoides",-2.40728,37.0308
"Anthyllis cytisoides",-2.42394,37.0586
"Anthyllis cytisoides",-4.39476,37.06461
"Anthyllis cytisoides",-2.23186,37.28904
"Anthyllis cytisoides",-2.53948,37.14096
"Anthyllis cytisoides",-2.69398,36.95869
"Anthyllis cytisoides",-2.03101,37.03575
"Anthyllis cytisoides",-3.84356,36.98901
"Anthyllis cytisoides",-2.04913,37.11841
"Anthyllis cytisoides",-1.90098,37.08356
"Anthyllis cytisoides",-2.15537,37.03386
"Anthyllis cytisoides",-1.96793,37.18299
"Anthyllis cytisoides",-5.34201,36.38807
"Anthyllis cytisoides",-2.05188,37.23155
"Anthyllis cytisoides",-2.22994,37.42858
"Anthyllis cytisoides",-2.27811,37.49019
"Anthyllis cytisoides",-2.54247,37.34647
"Anthyllis cytisoides",-2.38,37
"Anthyllis cytisoides",-5.726,36.454
"Anthyllis cytisoides",-1.09,39.33
"Anthyllis cytisoides",-0.23,40.271
"Anthyllis cytisoides",-1.99,36.95
"Anthyllis cytisoides",-5.01,36.67
"Anthyllis cytisoides",-0.84,37.93
"Anthyllis cytisoides",-0.341,38.53133
"Anthyllis cytisoides",-0.03328,40.1162
"Anthyllis cytisoides",-0.65482,38.32906
"Anthyllis cytisoides",-0.909,39.619
"Anthyllis cytisoides",-0.17303,38.94908
"Anthyllis cytisoides",-0.38358,39.49453
"Anthyllis cytisoides",-3.46,36.8735
"Anthyllis cytisoides",-2.6838,37.3697
"Anthyllis cytisoides",-1.2718,39.3129
"Anthyllis cytisoides",-1.8084,38.4366
"Anthyllis cytisoides",-1.7058,38.4085
"Anthyllis cytisoides",-1.9231,38.4287
"Anthyllis cytisoides",-3.1589,37.7215
"Anthyllis cytisoides",-0.2695,38.537
"Anthyllis cytisoides",-0.3164,38.511
"Anthyllis cytisoides",-0.5452,38.525
"Anthyllis cytisoides",-0.8268,38.3144
"Anthyllis cytisoides",-1.3085,38.2592
"Anthyllis cytisoides",-1.7494,37.8682
"Anthyllis cytisoides",-1.1915,37.906
"Anthyllis cytisoides",-1.8772,37.6893
"Anthyllis cytisoides",-2.0677,37.8712
"Anthyllis cytisoides",0.8204,41.116
"Anthyllis cytisoides",0.5748,40.994
"Anthyllis cytisoides",-0.0079,40.116
"Anthyllis cytisoides",-0.7553,40.223
"Anthyllis cytisoides",-0.6824,39.6
"Anthyllis cytisoides",-1.144,39.32
"Anthyllis cytisoides",-0.5729,39.7329
"Anthyllis cytisoides",-0.89,39.82
"Anthyllis cytisoides",-0.91,39.37
"Anthyllis cytisoides",-3.22,37.58
"Anthyllis cytisoides",-1.37,39.19
"Anthyllis cytisoides",0.49,41.16
"Anthyllis cytisoides",-0.68,51.78
"Anthyllis cytisoides",-1.26,39.28
"Anthyllis cytisoides",-4.79,36.67
"Anthyllis cytisoides",-1.29,37.75
"Anthyllis cytisoides",2.48,39.52
"Anthyllis cytisoides",-0.42,39.69
"Anthyllis cytisoides",-0.8,38.4
"Anthyllis cytisoides",-1.75,37.3
"Anthyllis cytisoides",-0.85666,39.23394
"Anthyllis cytisoides",-2.972,37.736
"Anthyllis cytisoides",-4.339,36.773
"Anthyllis cytisoides",-3.903,36.849
"Anthyllis cytisoides",-2.01777,37.27838
"Anthyllis cytisoides",-5.43797,36.98315
"Anthyllis cytisoides",-2.5589,37.00459
"Anthyllis cytisoides",-1.88568,37.35263
"Anthyllis cytisoides",-2.43693,37.0149
"Anthyllis cytisoides",-1.97182,37.49529
"Anthyllis cytisoides",-4.69252,36.78213
"Anthyllis cytisoides",-2.68137,37.1108
"Anthyllis cytisoides",-2.65415,37.3777
"Anthyllis cytisoides",-3.01016,36.80763
"Anthyllis cytisoides",-2.66653,37.66571
"Anthyllis cytisoides",-5.40985,36.99626
"Anthyllis cytisoides",-4.86203,36.85627
"Anthyllis cytisoides",-4.73,36.60472
"Anthyllis cytisoides",-2.13142,37.17717
"Anthyllis cytisoides",-2.25016,37.28832
"Anthyllis cytisoides",-0.758,39.589
"Anthyllis cytisoides",-0.29171,38.86181
"Anthyllis cytisoides",-0.63417,38.95935
"Anthyllis cytisoides",-0.88868,38.15329
"Anthyllis cytisoides",0.34905,40.39454
"Anthyllis cytisoides",-4.62119,36.7093
"Anthyllis cytisoides",2.52059,39.47261
"Anthyllis cytisoides",-0.78,39.72
"Anthyllis cytisoides",-0.81,38.55
"Anthyllis cytisoides",0.97,41.17
"Anthyllis cytisoides",-0.33,39.35
"Anthyllis cytisoides",0.51,40.8
"Anthyllis cytisoides",-3.5048,36.8643
"Anthyllis cytisoides",-2.1348,40.791
"Anthyllis cytisoides",-2.1229,40.791
"Anthyllis cytisoides",-1.7171,38.4176
"Anthyllis cytisoides",-2.4401,38.234
"Anthyllis cytisoides",-0.2921,38.5465
"Anthyllis cytisoides",-0.2813,38.5282
"Anthyllis cytisoides",-0.3282,38.5023
"Anthyllis cytisoides",-0.0947,38.6048
"Anthyllis cytisoides",-0.9485,38.4607
"Anthyllis cytisoides",-0.4861,38.5778
"Anthyllis cytisoides",-1.6405,38.2275
"Anthyllis cytisoides",-1.504,38.1988
"Anthyllis cytisoides",-1.6876,38.1469
"Anthyllis cytisoides",-1.2146,37.8884
"Anthyllis cytisoides",-1.2262,37.8795
"Anthyllis cytisoides",-1.1924,37.87
"Anthyllis cytisoides",-1.6383,37.7318
"Anthyllis cytisoides",-2.1993,37.2683
"Anthyllis cytisoides",-2.4044,36.9991
"Anthyllis cytisoides",-0.1285,40.038
"Anthyllis cytisoides",-0.7493,39.6914
"Anthyllis cytisoides",-0.458,39.6854
"Anthyllis cytisoides",-0.7484,39.358
"Anthyllis cytisoides",-0.3049,39.1234
"Anthyllis cytisoides",-0.4016,39.0085
"Anthyllis cytisoides",-0.8292,39.7469
"Anthyllis cytisoides",2.4062,39.5765
"Anthyllis cytisoides",2.4066,39.5315
"Anthyllis cytisoides",-2.3445,37.4224
"Anthyllis cytisoides",-2.4577,37.4049
"Anthyllis cytisoides",-2.5029,37.3961
"Anthyllis cytisoides",-2.3565,37.3413
"Anthyllis cytisoides",-0.8,37.97
"Anthyllis cytisoides",-1.958,37.164
"Anthyllis cytisoides",-0.41336,38.68438
"Anthyllis cytisoides",-4.62039,36.64991
"Anthyllis cytisoides",-4.6302,36.64572
"Anthyllis cytisoides",-4.63,37.08
"Anthyllis cytisoides",-4.70721,36.61994
"Anthyllis cytisoides",-3.892,36.858
"Anthyllis cytisoides",-5.1,39.1
"Anthyllis cytisoides",-5.1,43.1
"Anthyllis cytisoides",-2.00338,37.27484
"Anthyllis cytisoides",-2.45835,37.0073
"Anthyllis cytisoides",-3.60909,37.63478
"Anthyllis cytisoides",-2.01512,37.28831
"Anthyllis cytisoides",-3.54687,36.76511
"Anthyllis cytisoides",-2.00974,37.31174
"Anthyllis cytisoides",-2.14328,37.26637
"Anthyllis cytisoides",-2.90458,37.14875
"Anthyllis cytisoides",-2.08303,37.55184
"Anthyllis cytisoides",-2.96251,36.86558
"Anthyllis cytisoides",-1.76588,37.25506
"Anthyllis cytisoides",-2.61897,37.35749
"Anthyllis cytisoides",-2.17529,37.28247
"Anthyllis cytisoides",-1.98311,37.21534
"Anthyllis cytisoides",-2.25197,37.27851
"Anthyllis cytisoides",-2.19694,37.28875
"Anthyllis cytisoides",-2.07011,37.49464
"Anthyllis cytisoides",-2.39358,37.76547
"Anthyllis cytisoides",-3.34,37.32
"Anthyllis cytisoides",2.97,39.36
"Anthyllis cytisoides",1.56,39.07
"Anthyllis cytisoides",-2.55,37.04
"Anthyllis cytisoides",-3.67,37.49
"Anthyllis cytisoides",-0.66,39.72
"Anthyllis cytisoides",-3.44,36.77
"Anthyllis cytisoides",-0.47,38.46
"Anthyllis cytisoides",-0.94,38.1
"Anthyllis cytisoides",0.9176,41.0547
"Anthyllis cytisoides",-1.0402,39.7147
"Anthyllis cytisoides",-1.0986,39.2832
"Anthyllis cytisoides",-0.4952,39.2988
"Anthyllis cytisoides",-0.312,40.1415
"Anthyllis cytisoides",-0.2039,39.9137
"Anthyllis cytisoides",-0.2185,39.842
"Anthyllis cytisoides",2.4294,39.5856
"Anthyllis cytisoides",-4.7961,36.9149
"Anthyllis cytisoides",-4.5284,36.9997
"Anthyllis cytisoides",-0.8187,38.5845
"Anthyllis cytisoides",-0.2446,38.5904
"Anthyllis cytisoides",-0.4182,38.5493
"Anthyllis cytisoides",-0.9251,38.4783
"Anthyllis cytisoides",-0.9505,38.3887
"Anthyllis cytisoides",-0.9655,38.2628
"Anthyllis cytisoides",-0.7708,38.2773
"Anthyllis cytisoides",-1.5607,38.2175
"Anthyllis cytisoides",-1.5498,38.1904
"Anthyllis cytisoides",-1.3083,38.2682
"Anthyllis cytisoides",-1.0217,38.2998
"Anthyllis cytisoides",-1.4136,38.1525
"Anthyllis cytisoides",-1.2267,37.8615
"Anthyllis cytisoides",-0.9634,37.9293
"Anthyllis cytisoides",-1.6079,37.5332
"Anthyllis cytisoides",-2.3169,42.6477
"Anthyllis cytisoides",-2.5823,37.3423
"Anthyllis cytisoides",-2.3331,37.4313
"Anthyllis cytisoides",-2.5621,36.9366
"Anthyllis cytisoides",-2.4927,42.0182
"Anthyllis cytisoides",-2.9887,37.4783
"Anthyllis cytisoides",-1.2279,39.2131
"Anthyllis cytisoides",-1.8765,38.4823
"Anthyllis cytisoides",-2.0838,38.403
"Anthyllis cytisoides",-1.5925,38.3441
"Anthyllis cytisoides",-0.36,38.55
"Anthyllis cytisoides",-0.72,38.43
"Anthyllis cytisoides",-3.198,37.592
"Anthyllis cytisoides",-0.03713,39.9362
"Anthyllis cytisoides",-1.822,37.964
"Anthyllis cytisoides",-2.1808,37.85701
"Anthyllis cytisoides",-4.87273,36.58844
"Anthyllis cytisoides",-2.20373,37.36953
"Anthyllis cytisoides",-2.15721,37.32247
"Anthyllis cytisoides",-5.26164,36.39906
"Anthyllis cytisoides",-4.38384,37.07269
"Anthyllis cytisoides",-3.48871,37.16782
"Anthyllis cytisoides",-3.10882,36.95607
"Anthyllis cytisoides",-2.77731,37.38347
"Anthyllis cytisoides",-2.3211,37.31931
"Anthyllis cytisoides",-2.27871,36.96277
"Anthyllis cytisoides",-3.20354,37.38593
"Anthyllis cytisoides",-1.73645,37.43788
"Anthyllis cytisoides",-1.85148,37.09601
"Anthyllis cytisoides",-2.2808,36.88752
"Anthyllis cytisoides",-2.61024,37.07984
"Anthyllis cytisoides",-1.92609,37.52717
"Anthyllis cytisoides",-1.91968,37.49716
"Anthyllis cytisoides",-2.62964,37.65936
"Anthyllis cytisoides",-3.11,37.41
"Anthyllis cytisoides",-3.17,38.08
"Anthyllis cytisoides",0.003,40.094
"Anthyllis cytisoides",-6.6439,37.9594
"Anthyllis cytisoides",-2.2656,37.4039
"Anthyllis cytisoides",-2.651,37.1352
"Anthyllis cytisoides",-2.3131,37.1518
"Anthyllis cytisoides",0.9275,41.1179
"Anthyllis cytisoides",0.0103,40.062
"Anthyllis cytisoides",-0.8005,40.2779
"Anthyllis cytisoides",-1.493,41.3879
"Anthyllis cytisoides",2.4646,39.5588
"Anthyllis cytisoides",-8.5712,42.919
"Anthyllis cytisoides",-3.1464,37.1537
"Anthyllis cytisoides",-2.4078,37.9995
"Anthyllis cytisoides",-3.1699,37.5953
"Anthyllis cytisoides",-1.9789,38.5373
"Anthyllis cytisoides",-1.8306,38.4819
"Anthyllis cytisoides",-1.5792,38.443
"Anthyllis cytisoides",-0.06149,38.85624
"Anthyllis cytisoides",-2.08,38.48
"Anthyllis cytisoides",-0.44,39.27
"Anthyllis cytisoides",-3.56,37.58
"Anthyllis cytisoides",-2.21,36.95
"Anthyllis cytisoides",-5.78,36.38
"Anthyllis cytisoides",-2.77,36.86
"Anthyllis cytisoides",-0.4064,38.5581
"Anthyllis cytisoides",-0.4873,38.5418
"Anthyllis cytisoides",-0.4418,38.5318
"Anthyllis cytisoides",-0.1062,38.6051
"Anthyllis cytisoides",-1.3278,38.4127
"Anthyllis cytisoides",-1.6731,38.318
"Anthyllis cytisoides",-1.7419,38.3097
"Anthyllis cytisoides",-1.7535,38.3008
"Anthyllis cytisoides",-1.2487,37.8889
"Anthyllis cytisoides",-1.1921,37.879
"Anthyllis cytisoides",-1.2153,37.8613
"Anthyllis cytisoides",-1.2496,37.8528
"Anthyllis cytisoides",-1.1339,37.9322
"Anthyllis cytisoides",-1.5507,37.5685
"Anthyllis cytisoides",-1.0015,38.2003
"Anthyllis cytisoides",-1.33,38.7
"Anthyllis cytisoides",-2.1,38.1
"Anthyllis cytisoides",-4.07206,37.63037
"Anthyllis cytisoides",-2.29135,36.87342
"Anthyllis cytisoides",-2.0143,37.21918
"Anthyllis cytisoides",-3.53621,36.80987
"Anthyllis cytisoides",-3.12565,36.91412
"Anthyllis cytisoides",-2.0493,37.29411
"Anthyllis cytisoides",-2.96827,36.81909
"Anthyllis cytisoides",-2.57711,36.91979
"Anthyllis cytisoides",-1.75311,37.28301
"Anthyllis cytisoides",-2.10037,37.17455
"Anthyllis cytisoides",-2.2216,37.46668
"Anthyllis cytisoides",-2.14619,37.17756
"Anthyllis cytisoides",-2.24893,37.18763
"Anthyllis cytisoides",-2.09585,37.51331
"Anthyllis cytisoides",-3.00721,36.84878
"Anthyllis cytisoides",-2.61662,37.06735
"Anthyllis cytisoides",-2.14795,37.1237
"Anthyllis cytisoides",-4.1717,37.46606
"Anthyllis cytisoides",-4.16106,37.59649
"Anthyllis cytisoides",-1.97,37.36
"Anthyllis cytisoides",-1.04,38.08
"Anthyllis cytisoides",-0.82,38.24
"Anthyllis cytisoides",-4.6091,36.63437
"Anthyllis cytisoides",-0.59407,40.12966
"Anthyllis cytisoides",-0.13643,39.84901
"Anthyllis cytisoides",-0.00579,38.67218
"Anthyllis cytisoides",-0.52822,38.68686
"Anthyllis cytisoides",-0.35957,40.12455
"Anthyllis cytisoides",-0.55,39.63
"Anthyllis cytisoides",-1.06,38.11
"Anthyllis cytisoides",-1.07,37.66
"Anthyllis cytisoides",-2.7057,42.9735
"Anthyllis cytisoides",0.9502,41.1544
"Anthyllis cytisoides",-0.7502,39.6644
"Anthyllis cytisoides",-0.7042,39.6454
"Anthyllis cytisoides",-1.0275,39.7505
"Anthyllis cytisoides",-0.2936,39.1141
"Anthyllis cytisoides",2.4645,39.5678
"Anthyllis cytisoides",2.4764,39.5318
"Anthyllis cytisoides",1.761,41.7604
"Anthyllis cytisoides",2.1697,41.7821
"Anthyllis cytisoides",2.3885,41.5493
"Anthyllis cytisoides",-0.3154,38.538
"Anthyllis cytisoides",-0.3501,38.5298
"Anthyllis cytisoides",-0.3275,38.5203
"Anthyllis cytisoides",-0.2574,38.5547
"Anthyllis cytisoides",-0.1546,38.5432
"Anthyllis cytisoides",-0.4889,38.4968
"Anthyllis cytisoides",-1.6279,38.2904
"Anthyllis cytisoides",-1.7186,37.6786
"Anthyllis cytisoides",-2.0161,40.7991
"Anthyllis cytisoides",-2.0711,38.502
"Anthyllis cytisoides",-1.7623,38.4541
"Anthyllis cytisoides",-1.8434,38.4009
"Anthyllis cytisoides",-1.7983,38.3554
"Anthyllis cytisoides",-2.4012,37.4047
"Anthyllis cytisoides",-1.9872,37.1044
"Anthyllis cytisoides",-2.52,37.365
"Anthyllis cytisoides",2.81697,42.77182
"Anthyllis cytisoides",-0.61,38.36
"Anthyllis cytisoides",-2.44,36.95
"Anthyllis cytisoides",-5.68,36.48
"Anthyllis cytisoides",-2.21,37.22
"Anthyllis cytisoides",-3.948,36.849
"Anthyllis cytisoides",-5.306,36.497
"Anthyllis cytisoides",-0.9,38.1
"Anthyllis cytisoides",-2.13233,37.86972
"Anthyllis cytisoides",-2.30787,36.8338
"Anthyllis cytisoides",-2.0822,37.45335
"Anthyllis cytisoides",-2.16026,37.33907
"Anthyllis cytisoides",-3.95334,37.05177
"Anthyllis cytisoides",-1.9811,37.33479
"Anthyllis cytisoides",-1.68545,37.39346
"Anthyllis cytisoides",-5.17558,37.03068
"Anthyllis cytisoides",-2.25779,37.50174
"Anthyllis cytisoides",-2.04526,37.37698
"Anthyllis cytisoides",5.53916,43.21694
"Anthyllis cytisoides",1.0675,41.2195
"Anthyllis cytisoides",0.8029,40.9265
"Anthyllis cytisoides",-1.1155,39.0852
"Anthyllis cytisoides",2.4647,39.5408
"Anthyllis cytisoides",-4.8079,36.9417
"Anthyllis cytisoides",-0.2678,38.582
"Anthyllis cytisoides",-0.4631,38.5774
"Anthyllis cytisoides",-0.9586,38.5105
"Anthyllis cytisoides",-0.2553,38.6087
"Anthyllis cytisoides",-1.6733,38.309
"Anthyllis cytisoides",-1.7763,38.3011
"Anthyllis cytisoides",-1.2281,38.2761
"Anthyllis cytisoides",-1.0909,38.2739
"Anthyllis cytisoides",-1.6995,38.12
"Anthyllis cytisoides",-1.6471,37.8671
"Anthyllis cytisoides",-1.6154,37.7405
"Anthyllis cytisoides",-2.4461,37.4409
"Anthyllis cytisoides",-2.7411,37.1355
"Anthyllis cytisoides",-2.4043,37.0081
"Anthyllis cytisoides",-2.7078,36.9912
"Anthyllis cytisoides",-2.2992,37.4311
"Anthyllis cytisoides",-2.8753,37.6585
"Anthyllis cytisoides",-1.5777,38.5151
"Anthyllis cytisoides",-1.7739,38.4452
"Anthyllis cytisoides",-1.7631,38.4091
"Anthyllis cytisoides",-1.5577,38.3707
"Anthyllis cytisoides",-1.5093,38.4962
"Anthyllis cytisoides",-1.7846,38.4904
"Anthyllis cytisoides",-1.6151,38.3624
"Anthyllis cytisoides",-4.02,37.85
"Anthyllis cytisoides",-0.06,40.25
"Anthyllis cytisoides",-3.67,36.77
"Anthyllis cytisoides",3.11,39.74
"Anthyllis cytisoides",-1.51,38.11
"Anthyllis cytisoides",-3,36.86
"Anthyllis cytisoides",-4.73333,36.98409
"Anthyllis cytisoides",2.74933,42.78611
"Anthyllis cytisoides",-6.64897,38.50911
"Anthyllis cytisoides",-4.85,36.55
"Anthyllis cytisoides",-5.18,36.44
"Anthyllis cytisoides",-5.143,37.464
"Anthyllis cytisoides",-1.159,37.604
"Anthyllis cytisoides",-3.1,41.1
"Anthyllis cytisoides",-2.5396,37.04578
"Anthyllis cytisoides",-2.16869,36.95514
"Anthyllis cytisoides",-3.06111,37.70168
"Anthyllis cytisoides",-4.4016,37.05306
"Anthyllis cytisoides",-2.67257,37.79716
"Anthyllis cytisoides",-1.86628,37.07839
"Anthyllis cytisoides",-2.09963,37.44307
"Anthyllis cytisoides",-2.57783,36.86557
"Anthyllis cytisoides",-2.10366,37.2681
"Anthyllis cytisoides",-1.89849,37.49267
"Anthyllis cytisoides",-2.08539,37.47433
"Anthyllis cytisoides",-2.21059,37.46983
"Anthyllis cytisoides",-2.23501,37.14423
"Anthyllis cytisoides",-2.58382,37.68633
"Anthyllis cytisoides",1.15218,41.1297
"Anthyllis cytisoides",-0.06,38.55
"Anthyllis cytisoides",-0.52,38.47
"Anthyllis cytisoides",-0.66,38.03
"Anthyllis cytisoides",-0.29512,38.77179
"Anthyllis cytisoides",-0.85939,39.14389
"Anthyllis cytisoides",-1.97,38.3
"Anthyllis cytisoides",-1.05,38.47
"Anthyllis cytisoides",0.4,40.53
"Anthyllis cytisoides",-1.28,38.38
"Anthyllis cytisoides",-2.66,36.77
"Anthyllis cytisoides",-2.77,36.77
"Anthyllis cytisoides",2.5309,41.7571
"Anthyllis cytisoides",-3.2577,36.7659
"Anthyllis cytisoides",-1.9096,38.5637
"Anthyllis cytisoides",-1.9224,38.4737
"Anthyllis cytisoides",-2.0608,38.4118
"Anthyllis cytisoides",-1.6035,38.3712
"Anthyllis cytisoides",-1.8321,38.3918
"Anthyllis cytisoides",-1.6042,38.3352
"Anthyllis cytisoides",-0.2918,38.5555
"Anthyllis cytisoides",-0.3043,38.5288
"Anthyllis cytisoides",-0.7588,38.2951
"Anthyllis cytisoides",-1.7522,38.3729
"Anthyllis cytisoides",-1.6762,38.1468
"Anthyllis cytisoides",-1.4372,38.1168
"Anthyllis cytisoides",-1.6694,37.8944
"Anthyllis cytisoides",-1.7722,37.8685
"Anthyllis cytisoides",-1.5041,37.631
"Anthyllis cytisoides",0.9505,41.1454
"Anthyllis cytisoides",0.9156,41.1177
"Anthyllis cytisoides",-0.1376,40.1013
"Anthyllis cytisoides",-0.8772,39.7028
"Anthyllis cytisoides",-1.2133,39.3301
"Anthyllis cytisoides",-0.308,39.6459
"Anthyllis cytisoides",-0.3098,39.8982
"Anthyllis cytisoides",1.5549,39.0825
"Anthyllis cytisoides",-8.7905,43.2798
"Anthyllis cytisoides",-4.08,37.443
"Anthyllis cytisoides",-0.48,38.34
"Anthyllis cytisoides",-0.74,38.47
"Anthyllis cytisoides",-1.938,37.028
"Anthyllis cytisoides",-4.74,36.81
"Anthyllis cytisoides",-3.846,36.804
"Anthyllis cytisoides",-1.00274,38.15529
"Anthyllis cytisoides",2.5819,39.6684
"Anthyllis cytisoides",-4.21313,37.49139
"Anthyllis cytisoides",-4.74966,36.96593
"Anthyllis cytisoides",-2.12081,36.89192
"Anthyllis cytisoides",-2.10049,37.52469
"Anthyllis cytisoides",-2.13003,37.34124
"Anthyllis cytisoides",-3.05371,36.84483
"Anthyllis cytisoides",-3.41474,36.84946
"Anthyllis cytisoides",-3.03533,36.80888
"Anthyllis cytisoides",-2.22362,37.04605
"Anthyllis cytisoides",-2.77098,37.67804
"Anthyllis cytisoides",-5.45042,36.94113
"Anthyllis cytisoides",-3.36646,38.2996
"Anthyllis cytisoides",-4.97371,37.07219
"Anthyllis cytisoides",-2.13127,37.27893
"Anthyllis cytisoides",-2.19912,37.76478
"Anthyllis cytisoides",-0.522,38.86692
"Anthyllis cytisoides",-0.4163,38.6034
"Anthyllis cytisoides",-0.3036,38.5468
"Anthyllis cytisoides",-0.3278,38.5113
"Anthyllis cytisoides",-0.2935,38.5105
"Anthyllis cytisoides",-1.2175,38.2398
"Anthyllis cytisoides",-1.413,38.1796
"Anthyllis cytisoides",-0.9975,37.9299
"Anthyllis cytisoides",-1.146,37.9053
"Anthyllis cytisoides",-1.8885,37.6894
"Anthyllis cytisoides",-1.5573,37.8119
"Anthyllis cytisoides",-1.5268,37.6313
"Anthyllis cytisoides",-2.3218,37.4313
"Anthyllis cytisoides",-2.2882,37.404
"Anthyllis cytisoides",-2.5372,37.3332
"Anthyllis cytisoides",-2.5608,37.153
"Anthyllis cytisoides",-2.5575,41.3789
"Anthyllis cytisoides",0.529,40.948
"Anthyllis cytisoides",-0.1852,40.0844
"Anthyllis cytisoides",-0.5386,39.7141
"Anthyllis cytisoides",-0.6937,39.6092
"Anthyllis cytisoides",-0.7758,39.5928
"Anthyllis cytisoides",-1.1781,39.3475
"Anthyllis cytisoides",-1.0313,39.201
"Anthyllis cytisoides",-1.0557,39.1563
"Anthyllis cytisoides",2.53,39.56
"Anthyllis cytisoides",-1.61,39.2
"Anthyllis cytisoides",0.26,40.88
"Anthyllis cytisoides",-3.787,37.034
"Anthyllis cytisoides",-1.9338,38.4828
"Anthyllis cytisoides",-1.9013,38.3564
"Anthyllis cytisoides",-1.5695,38.3528
"Anthyllis cytisoides",-1.7849,38.4724
"Anthyllis cytisoides",-0.96,38.1
"Anthyllis cytisoides",-0.59,38.45
"Anthyllis cytisoides",-2.07708,36.92472
"Anthyllis cytisoides",-0.865,37.581
"Anthyllis cytisoides",-1.069,37.585
"Anthyllis cytisoides",-6.36625,37.95433
"Anthyllis cytisoides",-1.91734,37.52053
"Anthyllis cytisoides",-1.96837,37.02272
"Anthyllis cytisoides",-4.89839,36.5798
"Anthyllis cytisoides",-2.40377,36.95919
"Anthyllis cytisoides",-2.05978,37.21506
"Anthyllis cytisoides",-2.46387,36.9969
"Anthyllis cytisoides",-2.05476,37.32206
"Anthyllis cytisoides",-3.66002,37.70484
"Anthyllis cytisoides",-2.77943,37.00105
"Anthyllis cytisoides",-2.56445,37.35476
"Anthyllis cytisoides",-3.09947,36.89888
"Anthyllis cytisoides",-3.16445,36.96474
"Anthyllis cytisoides",-3.10605,36.81456
"Anthyllis cytisoides",-3.01285,36.95356
"Anthyllis cytisoides",-2.40403,37.04133
"Anthyllis cytisoides",-1.93608,37.14677
"Anthyllis cytisoides",-3.04006,37.72519
"Anthyllis cytisoides",-2.49039,37.06484
"Anthyllis cytisoides",-4.91715,36.82482
"Anthyllis cytisoides",-5.30214,37.11915
"Anthyllis cytisoides",-5.16024,36.46747
"Anthyllis cytisoides",-2.10985,37.43843
"Anthyllis cytisoides",-2.67074,36.86206
"Anthyllis cytisoides",-2.09654,37.48123
"Anthyllis cytisoides",-2.22241,37.50323
"Anthyllis cytisoides",-2.2341,37.30274
"Anthyllis cytisoides",-4.15235,37.17677
"Anthyllis cytisoides",-2.76464,37.06034
"Anthyllis cytisoides",2.281,41.5127
"Anthyllis cytisoides",2.1461,41.7459
"Anthyllis cytisoides",-2.1483,40.656
"Anthyllis cytisoides",0.9957,41.2272
"Anthyllis cytisoides",0.9295,41.0549
"Anthyllis cytisoides",-0.6898,41.1044
"Anthyllis cytisoides",-1.1786,39.3295
"Anthyllis cytisoides",-1.1338,39.2657
"Anthyllis cytisoides",-4.3066,37.1736
"Anthyllis cytisoides",-1.9351,38.3927
"Anthyllis cytisoides",-1.8558,38.3379
"Anthyllis cytisoides",-1.8416,38.509
"Anthyllis cytisoides",-0.5902,38.553
"Anthyllis cytisoides",-0.2317,38.6262
"Anthyllis cytisoides",-0.4297,38.5496
"Anthyllis cytisoides",-0.4185,38.5403
"Anthyllis cytisoides",-1.3748,38.3593
"Anthyllis cytisoides",-1.6048,38.2992
"Anthyllis cytisoides",-1.5379,38.2172
"Anthyllis cytisoides",-1.2623,38.2766
"Anthyllis cytisoides",-0.999,38.2904
"Anthyllis cytisoides",-1.7336,38.1294
"Anthyllis cytisoides",-1.2028,37.9062
"Anthyllis cytisoides",-1.226,37.8885
"Anthyllis cytisoides",-1.2037,37.8702
"Anthyllis cytisoides",-1.9448,37.7169
"Anthyllis cytisoides",-1.4811,37.6488
"Anthyllis cytisoides",-2.3446,37.4134
"Anthyllis cytisoides",-4.48344,34.58871
"Anthyllis cytisoides",2.34,41.59
"Anthyllis cytisoides",-1.74,38.39
"Anthyllis cytisoides",-0.93,38.38
"Anthyllis cytisoides",-3.34,37.76
"Anthyllis cytisoides",-1.51,38.38
"Anthyllis cytisoides",-2.24591,37.03243
"Anthyllis cytisoides",-5.33347,36.48756
"Anthyllis cytisoides",-2.02693,37.28799
"Anthyllis cytisoides",-4.44651,37.04487
"Anthyllis cytisoides",-2.18899,37.27413
"Anthyllis cytisoides",-2.30297,36.90865
"Anthyllis cytisoides",-3.07004,36.86511
"Anthyllis cytisoides",-3.58339,36.93315
"Anthyllis cytisoides",-3.38988,38.32237
"Anthyllis cytisoides",-2.61007,37.62668
"Anthyllis cytisoides",-1.90416,37.27957
"Anthyllis cytisoides",-3.70679,37.24963
"Anthyllis cytisoides",-2.18664,37.30283
"Anthyllis cytisoides",-2.14115,37.54712
"Anthyllis cytisoides",-3.65691,37.62353
"Anthyllis cytisoides",-4.11344,37.53613
"Anthyllis cytisoides",-3.81223,36.95819
"Anthyllis cytisoides",-0.93,38.37
"Anthyllis cytisoides",-0.61,38.43
"Anthyllis cytisoides",-4.67,36.58
"Anthyllis cytisoides",-1.75,37.58
"Anthyllis cytisoides",-1.27,38.56
"Anthyllis cytisoides",-1.7885,38.2561
"Anthyllis cytisoides",-1.044,38.3182
"Anthyllis cytisoides",-1.0559,38.3004
"Anthyllis cytisoides",-1.0115,38.2546
"Anthyllis cytisoides",-1.735,38.0483
"Anthyllis cytisoides",-2.0221,37.8798
"Anthyllis cytisoides",-1.6113,37.9568
"Anthyllis cytisoides",-1.7144,37.9219
"Anthyllis cytisoides",-1.0432,37.9217
"Anthyllis cytisoides",-8.0355,42.6997
"Anthyllis cytisoides",-2.1846,37.5836
"Anthyllis cytisoides",-2.5493,37.198
"Anthyllis cytisoides",-3.4819,36.7832
"Anthyllis cytisoides",-2.2438,38.4402
"Anthyllis cytisoides",-2.3018,38.3595
"Anthyllis cytisoides",-1.9794,38.5013
"Anthyllis cytisoides",-1.1431,39.356
"Anthyllis cytisoides",-1.0303,39.237
"Anthyllis cytisoides",-0.3088,39.9252
"Anthyllis cytisoides",-0.7245,39.7359
"Anthyllis cytisoides",-0.4981,39.5421
"Anthyllis cytisoides",2.3946,39.5765
"Anthyllis cytisoides",3.0696,39.2717
"Anthyllis cytisoides",-4.251,36.846
"Anthyllis cytisoides",-4.62,36.72
"Anthyllis cytisoides",-2.03787,37.33595
"Anthyllis cytisoides",-1.98711,37.41173
"Anthyllis cytisoides",-2.54791,37.01084
"Anthyllis cytisoides",-4.40574,37.06806
"Anthyllis cytisoides",-4.16419,37.19905
"Anthyllis cytisoides",-2.13121,36.88011
"Anthyllis cytisoides",-3.37935,36.88976
"Anthyllis cytisoides",-3.04794,36.93468
"Anthyllis cytisoides",-3.02002,36.78454
"Anthyllis cytisoides",-2.0349,37.17948
"Anthyllis cytisoides",-2.97705,37.72364
"Anthyllis cytisoides",-2.46134,37.02629
"Anthyllis cytisoides",-2.61307,36.94368
"Anthyllis cytisoides",-2.00979,37.22946
"Anthyllis cytisoides",-2.05008,37.59075
"Anthyllis cytisoides",-0.36,38.46
"Anthyllis cytisoides",-0.79,38.26
"Anthyllis cytisoides",-5.421,36.972
"Anthyllis cytisoides",-1.24,37.89
"Anthyllis cytisoides",2.79054,42.85884
"Anthyllis cytisoides",-0.2701,40.0144
"Anthyllis cytisoides",2.4065,39.5405
"Anthyllis cytisoides",3.0696,39.2807
"Anthyllis cytisoides",-4.5902,37.2693
"Anthyllis cytisoides",-1.7974,38.4094
"Anthyllis cytisoides",-0.2817,38.5192
"Anthyllis cytisoides",-0.9704,38.4971
"Anthyllis cytisoides",-0.3471,38.6108
"Anthyllis cytisoides",-1.3632,38.3681
"Anthyllis cytisoides",-1.719,38.3095
"Anthyllis cytisoides",-1.2509,38.2764
"Anthyllis cytisoides",-0.9772,38.254
"Anthyllis cytisoides",-1.5872,38.0286
"Anthyllis cytisoides",-1.4479,38.153
"Anthyllis cytisoides",-1.3684,38.1339
"Anthyllis cytisoides",-1.0968,38.0487
"Anthyllis cytisoides",-1.088,37.9494
"Anthyllis cytisoides",-2.3104,37.4492
"Anthyllis cytisoides",-2.3452,37.3503
"Anthyllis cytisoides",-2.4699,37.2698
"Anthyllis cytisoides",-2.303,37.0255
"Anthyllis cytisoides",-2.6854,36.9911
"Anthyllis cytisoides",1.0547,41.2463
"Anthyllis cytisoides",1.055,41.2373
"Anthyllis cytisoides",-0.8028,40.2059
"Anthyllis cytisoides",-0.5094,39.5513
"Anthyllis cytisoides",-1.0062,39.2726
"Anthyllis cytisoides",-0.2854,39.9247
"Anthyllis cytisoides",-0.4602,38.9827
"Anthyllis cytisoides",-0.274,39.9154
"Anthyllis cytisoides",-1.0379,39.7957
"Anthyllis cytisoides",-0.4138,39.6213
"Anthyllis cytisoides",-3,37.49
"Anthyllis cytisoides",-0.3,39.98
"Anthyllis cytisoides",-0.78,39.63
"Anthyllis cytisoides",-1.03,39.19
"Anthyllis cytisoides",-0.79,39.12
"Anthyllis cytisoides",-3.669,38.311
"Anthyllis cytisoides",-1.97292,37.04187
"Anthyllis cytisoides",-1.90964,37.5068
"Anthyllis cytisoides",-2.19022,37.45365
"Anthyllis cytisoides",-2.01171,37.48562
"Anthyllis cytisoides",-2.06423,37.58908
"Anthyllis cytisoides",-2.76168,37.13597
"Anthyllis cytisoides",-3.05507,36.83356
"Anthyllis cytisoides",-2.74763,37.44472
"Anthyllis cytisoides",-3.0023,36.82829
"Anthyllis cytisoides",-2.02009,37.0623
"Anthyllis cytisoides",-5.27174,36.45636
"Anthyllis cytisoides",-2.32819,37.39474
"Anthyllis cytisoides",-4.75071,36.99254
"Anthyllis cytisoides",-1.88822,37.38054
"Anthyllis cytisoides",-2.59284,37.33732
"Anthyllis cytisoides",-2.71895,36.85529
"Anthyllis cytisoides",-2.11485,37.14386
"Anthyllis cytisoides",-5.18,36.53
"Anthyllis cytisoides",-1.6496,38.3538
"Anthyllis cytisoides",-4.9602,36.75
"Anthyllis cytisoides",-3.09,37.51
"Anthyllis cytisoides",-0.22,38.69
"Anthyllis cytisoides",-1.85,38.3
"Anthyllis cytisoides",2.69445,42.85403
"Anthyllis cytisoides",-0.316,38.52
"Anthyllis cytisoides",-0.3855,38.5036
"Anthyllis cytisoides",-0.2938,38.5015
"Anthyllis cytisoides",-1.004,38.1103
"Anthyllis cytisoides",-1.8109,38.2834
"Anthyllis cytisoides",-1.6292,38.2183
"Anthyllis cytisoides",-1.2052,38.2757
"Anthyllis cytisoides",-1.1819,38.2934
"Anthyllis cytisoides",-1.3908,38.1522
"Anthyllis cytisoides",-1.4144,38.1165
"Anthyllis cytisoides",-1.2039,37.8612
"Anthyllis cytisoides",-1.0534,37.9669
"Anthyllis cytisoides",-2.1504,37.6014
"Anthyllis cytisoides",-1.9721,37.3837
"Anthyllis cytisoides",-2.6512,37.0902
"Anthyllis cytisoides",0.7773,40.98
"Anthyllis cytisoides",0.7907,40.9353
"Anthyllis cytisoides",-0.3538,39.9713
"Anthyllis cytisoides",-0.3314,39.9437
"Anthyllis cytisoides",-0.2535,39.8428
"Anthyllis cytisoides",-0.273,39.9424
"Anthyllis cytisoides",2.086,41.7455
"Anthyllis cytisoides",-4.92887,36.55855
"Anthyllis cytisoides",-3.53488,37.6409
"Anthyllis cytisoides",-5.37951,36.94597
"Anthyllis cytisoides",-2.22516,37.41884
"Anthyllis cytisoides",-2.20526,37.2551
"Anthyllis cytisoides",-3.02927,36.92716
"Anthyllis cytisoides",-3.754,37.67
"Anthyllis cytisoides",-2.533,37.131
"Anthyllis cytisoides",-4.88024,37.00749
"Anthyllis cytisoides",5.61636,43.18992
"Anthyllis cytisoides",2.71643,42.81701
"Anthyllis cytisoides",-2.0791,37.8713
"Anthyllis cytisoides",-2.082,37.6369
"Anthyllis cytisoides",-2.3785,37.4136
"Anthyllis cytisoides",-2.3708,36.9809
"Anthyllis cytisoides",-2.7084,36.8379
"Anthyllis cytisoides",1.0913,41.2199
"Anthyllis cytisoides",1.0791,41.2287
"Anthyllis cytisoides",-0.7155,39.6547
"Anthyllis cytisoides",-0.7397,39.6281
"Anthyllis cytisoides",-1.0873,39.274
"Anthyllis cytisoides",-1.0786,39.1657
"Anthyllis cytisoides",-1.2015,39.3389
"Anthyllis cytisoides",-0.3999,39.0535
"Anthyllis cytisoides",2.3596,39.5853
"Anthyllis cytisoides",2.8076,41.7489
"Anthyllis cytisoides",-4.2502,37.1652
"Anthyllis cytisoides",-3.5387,36.8912
"Anthyllis cytisoides",-2.076,40.7546
"Anthyllis cytisoides",-1.7864,38.3823
"Anthyllis cytisoides",-4.877,36.5531
"Anthyllis cytisoides",-0.222,38.5809
"Anthyllis cytisoides",-0.3959,38.5308
"Anthyllis cytisoides",-0.223,38.5539
"Anthyllis cytisoides",-1.7414,38.3368
"Anthyllis cytisoides",-1.7884,38.2652
"Anthyllis cytisoides",-1.6403,38.2365
"Anthyllis cytisoides",-1.2397,38.2672
"Anthyllis cytisoides",-1.2513,38.2584
"Anthyllis cytisoides",-0.9886,38.2542
"Anthyllis cytisoides",-1.6992,38.138
"Anthyllis cytisoides",-1.8263,38.0402
"Anthyllis cytisoides",-1.7351,38.0393
"Anthyllis cytisoides",-1.3178,37.8538
"Anthyllis cytisoides",-1.9684,37.654
"Anthyllis cytisoides",-2.1,36.95
"Anthyllis cytisoides",0.06,40.07
"Anthyllis cytisoides",-2.21,36.86
"Anthyllis cytisoides",-1.29,38.02
"Anthyllis cytisoides",-4.79142,36.63741
"Anthyllis cytisoides",-2.04973,37.30508
"Anthyllis cytisoides",-3.05594,36.89368
"Anthyllis cytisoides",-2.78618,37.7046
"Anthyllis cytisoides",-3.03595,37.74225
"Anthyllis cytisoides",-5.51652,36.97838
"Anthyllis cytisoides",-5.16685,37.13376
"Anthyllis cytisoides",-2.2516,37.26786
"Anthyllis cytisoides",-3.70589,36.98591
"Anthyllis cytisoides",0.027,40.077
"Anthyllis cytisoides",-0.02939,40.29618
"Anthyllis cytisoides",-2.04,37.09
"Anthyllis cytisoides",-4.62784,36.62646
"Anthyllis cytisoides",-4.68234,36.6207
"Anthyllis cytisoides",-1.66,38.67
"Anthyllis cytisoides",-2.3226,37.3502
"Anthyllis cytisoides",1.0087,41.1914
"Anthyllis cytisoides",-0.2456,40.0408
"Anthyllis cytisoides",0.7789,40.935
"Anthyllis cytisoides",-0.6175,40.1301
"Anthyllis cytisoides",-1.029,39.6965
"Anthyllis cytisoides",-0.7573,39.0789
"Anthyllis cytisoides",-0.2298,39.8513
"Anthyllis cytisoides",-0.2419,39.8426
"Anthyllis cytisoides",2.3828,39.5854
"Anthyllis cytisoides",-8.6062,43.1893
"Anthyllis cytisoides",-1.899,38.5096
"Anthyllis cytisoides",-1.5989,38.6055
"Anthyllis cytisoides",-1.9581,38.3839
"Anthyllis cytisoides",-1.4772,38.3877
"Anthyllis cytisoides",-1.8078,38.4726
"Anthyllis cytisoides",-0.335,38.6286
"Anthyllis cytisoides",-0.15,38.6602
"Anthyllis cytisoides",-0.4517,38.5771
"Anthyllis cytisoides",-0.8377,38.3326
"Anthyllis cytisoides",-1.3055,38.3853
"Anthyllis cytisoides",-1.5756,38.0375
"Anthyllis cytisoides",-2.2262,37.9354
"Anthyllis cytisoides",-1.7387,37.8321
"Anthyllis cytisoides",-1.2002,38.0143
"Anthyllis cytisoides",0.40667,40.92611
"Anthyllis cytisoides",-2.43,36.86
"Anthyllis cytisoides",-1.16,38.56
"Anthyllis cytisoides",-4.45,36.76
"Anthyllis cytisoides",-2.77,37.4
"Anthyllis cytisoides",0.28,40.52
"Anthyllis cytisoides",-0.61,39.64
"Anthyllis cytisoides",-4.7875,36.62403
"Anthyllis cytisoides",-2.49,37.09
"Anthyllis cytisoides",-0.11751,40.29892
"Anthyllis cytisoides",-2.21545,37.80685
"Anthyllis cytisoides",-2.16674,37.42155
"Anthyllis cytisoides",-2.67908,36.98191
"Anthyllis cytisoides",-1.99413,37.07296
"Anthyllis cytisoides",-2.60747,37.34638
"Anthyllis cytisoides",-2.1326,37.26925
"Anthyllis cytisoides",-2.65987,37.06936
"Anthyllis cytisoides",-2.86269,37.15168
"Anthyllis cytisoides",-1.05,39.144
"Anthyllis cytisoides",2.80757,42.74401
"Anthyllis cytisoides",-3.11,37.49
"Anthyllis cytisoides",-1.62,38.39
"Anthyllis cytisoides",0.38,40.98
"Anthyllis cytisoides",-2.3787,37.3955
"Anthyllis cytisoides",-2.3679,37.3324
"Anthyllis cytisoides",-0.8478,40.2698
"Anthyllis cytisoides",-0.6707,39.5997
"Anthyllis cytisoides",-0.9776,39.8577
"Anthyllis cytisoides",-0.8394,39.7922
"Anthyllis cytisoides",1.5547,39.0915
"Anthyllis cytisoides",-0.923,38.5504
"Anthyllis cytisoides",-0.3124,38.619
"Anthyllis cytisoides",-0.1299,38.5877
"Anthyllis cytisoides",-1.7315,38.2465
"Anthyllis cytisoides",-1.2856,38.2589
"Anthyllis cytisoides",-1.0333,38.291
"Anthyllis cytisoides",-1.7231,38.0752
"Anthyllis cytisoides",-1.5335,37.8657
"Anthyllis cytisoides",-0.9742,37.9475
"Anthyllis cytisoides",-1.9568,37.672
"Anthyllis cytisoides",-1.2662,37.6278
"Anthyllis cytisoides",-1.1145,38.2472
"Anthyllis cytisoides",-3.5042,36.7741
"Anthyllis cytisoides",-1.8071,38.5177
"Anthyllis cytisoides",-1.547,38.3345
"Anthyllis cytisoides",-2.6975,42.127
"Anthyllis cytisoides",-1.305,37.643
"Anthyllis cytisoides",-5.02442,36.54799
"Anthyllis cytisoides",-3.74456,37.71147
"Anthyllis cytisoides",-2.72197,37.38798
"Anthyllis cytisoides",-2.08095,37.58008
"Anthyllis cytisoides",-3.2125,37.31195
"Anthyllis cytisoides",-2.668,37.77081
"Anthyllis cytisoides",-2.01729,37.18578
"Anthyllis cytisoides",-1.9747,37.28871
"Anthyllis cytisoides",-2.53963,37.07931
"Anthyllis cytisoides",-2.61947,36.89179
"Anthyllis cytisoides",-0.84,37.95
"Anthyllis cytisoides",2.7,39.77
"Anthyllis cytisoides",-5.49728,39.40705
"Anthyllis cytisoides",-3.1,37.51
"Anthyllis cytisoides",-0.947,38.5148
"Anthyllis cytisoides",-0.8558,38.4951
"Anthyllis cytisoides",-1.7538,38.2828
"Anthyllis cytisoides",-1.9227,37.6807
"Anthyllis cytisoides",-2.3106,37.4222
"Anthyllis cytisoides",-2.3333,37.4133
"Anthyllis cytisoides",-2.3673,37.4045
"Anthyllis cytisoides",-2.3339,37.3502
"Anthyllis cytisoides",0.9298,41.0459
"Anthyllis cytisoides",-0.948,39.2806
"Anthyllis cytisoides",-0.6773,39.753
"Anthyllis cytisoides",-2.8285,42.9017
"Anthyllis cytisoides",-0.2609,39.9511
"Anthyllis cytisoides",-2.536,37.5315
"Anthyllis cytisoides",-2.9662,37.1538
"Anthyllis cytisoides",-3.1126,37.1357
"Anthyllis cytisoides",-1.8893,38.3923
"Anthyllis cytisoides",-1.7289,38.3997
"Anthyllis cytisoides",1.49,39.01
"Anthyllis cytisoides",-2.2923,36.95802
"Anthyllis cytisoides",-3.42262,36.7599
"Anthyllis cytisoides",-2.73544,37.39721
"Anthyllis cytisoides",-3.53926,36.96372
"Anthyllis cytisoides",-2.99551,36.80949
"Anthyllis cytisoides",-3.94636,37.20584
"Anthyllis cytisoides",-2.82032,37.65774
"Anthyllis cytisoides",-1.90682,37.1401
"Anthyllis cytisoides",-5.49686,37.73601
"Anthyllis cytisoides",-2.11043,37.17626
"Anthyllis cytisoides",-2.00441,37.08422
"Anthyllis cytisoides",-2.76094,37.43277
"Anthyllis cytisoides",2.80349,42.77631
"Anthyllis cytisoides",2.69,39.77
"Anthyllis cytisoides",-2.0814,37.682
"Anthyllis cytisoides",-2.8874,37.1267
"Anthyllis cytisoides",0.7311,40.9431
"Anthyllis cytisoides",2.627,41.7755
"Anthyllis cytisoides",-2.1463,40.8182
"Anthyllis cytisoides",-2.518,38.5588
"Anthyllis cytisoides",-1.5339,38.4154
"Anthyllis cytisoides",-1.6038,38.3532
"Anthyllis cytisoides",-6.5438,37.2004
"Anthyllis cytisoides",-3.1475,37.7396
"Anthyllis cytisoides",-5.3335,36.4999
"Anthyllis cytisoides",-0.8302,38.5847
"Anthyllis cytisoides",-0.3272,38.5293
"Anthyllis cytisoides",-0.3046,38.5197
"Anthyllis cytisoides",-0.9607,38.4339
"Anthyllis cytisoides",-1.0197,38.3718
"Anthyllis cytisoides",-0.5715,38.4265
"Anthyllis cytisoides",-1.7297,38.3547
"Anthyllis cytisoides",-1.2831,38.367
"Anthyllis cytisoides",-1.6961,38.3092
"Anthyllis cytisoides",-1.6178,38.2182
"Anthyllis cytisoides",-1.2852,38.2769
"Anthyllis cytisoides",-1.7946,37.8867
"Anthyllis cytisoides",-1.2033,37.8882
"Anthyllis cytisoides",-1.2035,37.8792
"Anthyllis cytisoides",-1.1462,37.8963
"Anthyllis cytisoides",-0.5266,39.7229
"Anthyllis cytisoides",-0.7373,39.7001
"Anthyllis cytisoides",-1.1554,39.3292
"Anthyllis cytisoides",-1.1327,39.3108
"Anthyllis cytisoides",-0.3137,39.7992
"Anthyllis cytisoides",-0.6704,39.6087
"Anthyllis cytisoides",-0.2825,39.9967
"Anthyllis cytisoides",-0.2748,39.8974
"Anthyllis cytisoides",-1.4761,40.0455
"Anthyllis cytisoides",-4.56,36.76
"Anthyllis cytisoides",-5.05,38.19
"Anthyllis cytisoides",-3.22,37.4
"Anthyllis cytisoides",-0.94,38.29
"Anthyllis cytisoides",-0.31,39.71
"Anthyllis cytisoides",-1.117,37.928
"Anthyllis cytisoides",2.787,42.78027
"Anthyllis cytisoides",-1.506,38.366
"Anthyllis cytisoides",-3.50946,36.91505
"Anthyllis cytisoides",-4.21853,37.59758
"Anthyllis cytisoides",-5.34023,37.15558
"Anthyllis cytisoides",-1.80284,37.3963
"Anthyllis cytisoides",-2.06037,37.24067
"Anthyllis cytisoides",-2.03114,37.43236
"Anthyllis cytisoides",-3.20839,36.91078
"Anthyllis cytisoides",-3.07841,36.93737
"Anthyllis cytisoides",-3.90103,37.03797
"Anthyllis cytisoides",-1.68982,37.38382
"Anthyllis cytisoides",-1.96103,37.48
"Anthyllis cytisoides",-2.50422,37.32646
"Anthyllis cytisoides",-2.18089,36.95398
"Anthyllis cytisoides",-2.00695,37.108
"Anthyllis cytisoides",-2.02338,37.85253
"Anthyllis cytisoides",-2.99119,37.52838
"Anthyllis cytisoides",-3.05,35.11
"Anthyllis cytisoides",-0.62,38.49
"Anthyllis cytisoides",-0.34,39.09
"Anthyllis cytisoides",-0.66,39.9
"Anthyllis cytisoides",-1.62,38.38
"Anthyllis cytisoides",-1.5,39.52
"Anthyllis cytisoides",-1.04,38.65
"Anthyllis cytisoides",-0.12,38.54
"Anthyllis cytisoides",-3.33,37.31
"Anthyllis cytisoides",-5.11,37.25
"Anthyllis cytisoides",-3.77,36.75
"Anthyllis cytisoides",-2.97,38.25
"Anthyllis cytisoides",-2.38,37.04
"Anthyllis cytisoides",-3.23,37.84
"Anthyllis cytisoides",-0.47,38.36
"Anthyllis cytisoides",-3.52,36.79
"Anthyllis cytisoides",-3.51,37.15
"Anthyllis cytisoides",-5.46,36.84
"Anthyllis cytisoides",-4.01,37.65
"Anthyllis cytisoides",-3.1,37.4
"Anthyllis cytisoides",-1.25,39.2
"Anthyllis cytisoides",-1.79,38.45
"Anthyllis cytisoides",-1.01,39.54
"Anthyllis cytisoides",-0.68,39.36
"Anthyllis cytisoides",-3.45,37
"Anthyllis cytisoides",-3.1,37.68
"Anthyllis cytisoides",-1.73,38.34
"Anthyllis cytisoides",-3.55,36.86
"Anthyllis cytisoides",-3.23,37.77
"Anthyllis cytisoides",-3.65,37.7
"Anthyllis cytisoides",-2.99,37.75
"Anthyllis cytisoides",-0.31,39.33
"Anthyllis cytisoides",-1.21,37.99
"Anthyllis cytisoides",-1.69,37.34
"Anthyllis cytisoides",-0.41,39.68
"Anthyllis cytisoides",-1.14,39.18
"Anthyllis cytisoides",2.82,39.56
"Anthyllis cytisoides",-3.08,37.5
"Anthyllis cytisoides",1.4,41.15
